{
	"name": "ZGDL Kleuren RGB",
	"colors": [
		{
			"name": "Paars",
			"hex": "#56215e",
		},
		{
			"name": "Brons",
			"hex": "#b28064",
		} ,
		{
			"name": "75% brons",
			"hex": "#c5a08b",
		} ,
		{
			"name": "60% brons",
			"hex": "#d1b3a2",
		} ,
		{
			"name": "40% brons",
			"hex": "#e0ccc1",
		} ,
		{
			"name": "25% brons",
			"hex": "#ecdfd8",
		} ,
		{
			"name": "17% brons",
			"hex": "#f1e8e2",
		} ,
		{
			"name": "12% brons",
			"hex": "#f6f0ec",
		} ,
			{
			"name": "Lichtblauw",
			"hex": "#75b8c8",
		} ,
		{
			"name": "Donkergroen",
			"hex": "#0a5c42",
		} ,
		{
			"name": "Lichtgroen",
			"hex": "#a8c462",
		} ,
	]
}
